epoch,loss,val_loss
SGD original parameters,,
0,4.133980703,3.25963016
1,4.264093542,3.471715506
2,4.112004852,3.913566984
3,4.315395641,3.938381413
4,4.897811747,4.132076847
5,5.198723412,4.414309968
6,5.635955238,4.637801504
7,6.203398895,5.064057353
8,6.463444138,4.902650967
9,6.236521435,5.602296905
