epoch,loss,val_loss
0,9.034151892662049,6.290776966596881
1,4.795456855297089,4.57774343155544
2,3.95325261592865,4.2020266259006105
3,3.8554503512382508,3.703273060748499
4,3.850866825580597,3.7213295943555447
5,3.7953081846237184,3.769704611676393
6,3.7042756152153014,3.7947471868145777
7,3.6355990076065066,3.53871136340182
8,3.5518621015548706,3.6048017074352896
