epoch,loss,val_loss
0,8.340138401985168,6.067183235742326
1,4.538747589588166,4.377169955594729
2,3.9662729501724243,3.859687845877279
3,3.744518585205078,3.6980329809029184
4,3.6528640031814574,3.7153176180851455
5,3.7152765226364135,3.6106310155531673
6,3.583482267856598,3.512113366816241
7,3.568479425907135,3.5555725360754327
8,3.5333917927742005,3.523028123212912
9,3.4867896604537965,3.4072756932552513
