epoch,loss,val_loss
0,8.270975408554078,5.508280918694307
1,4.137865607738495,4.0462150567546535
2,3.6520112633705137,3.779004009960114
3,3.5677045297622683,3.6369685328982118
4,3.5740538835525513,3.6917861930268803
5,3.433394057750702,3.4643595513800522
6,3.440781626701355,3.494462758576749
7,3.4141234517097474,3.4676972528415817
8,3.3743395256996154,4.584401677897786
9,3.3800006175041197,3.512613369422936
