epoch,loss,val_loss
0,9.109983081817626,6.550441678192671
1,4.694153037071228,4.323607001656549
2,3.931159424781799,3.896473943442282
3,3.723348834514618,3.76148127812424
4,3.806185390949249,3.7079168474637685
5,3.6845984649658203,3.564325487296049
6,3.5386503458023073,3.526768564137893
7,3.639129915237427,3.466251880991602
8,3.5603507018089293,3.536363470866359
9,3.6123193454742433,3.6129171852232345
